FeatureSet,Model,Strategy1,Strategy2,Strategy1_F1,Strategy1_F1_std,Strategy2_F1,Strategy2_F1_std,Strategy1_AUPRC,Strategy2_AUPRC,Winner,Mean_Diff,Std_Diff
lifestyle_only,LogisticRegression,StandardScaler_none,StandardScaler_MI,0.4697,0.0025,0.443,0.0601,0.5065±0.0013,0.5045±0.0038,Tie,0.0267,0.0602
lifestyle_only,LogisticRegression,StandardScaler_none,StandardScaler_Chi2,0.4697,0.0025,0.4697,0.0025,0.5065±0.0013,0.5065±0.0013,Tie,0.0,0.0035
lifestyle_only,LogisticRegression,StandardScaler_none,StandardScaler_ANOVA,0.4697,0.0025,0.4697,0.0025,0.5065±0.0013,0.5065±0.0013,Tie,0.0,0.0035
lifestyle_only,LogisticRegression,StandardScaler_none,StandardScaler_L1,0.4697,0.0025,0.468,0.0023,0.5065±0.0013,0.5065±0.0013,Tie,0.0017,0.0034
lifestyle_only,LogisticRegression,StandardScaler_MI,StandardScaler_Chi2,0.443,0.0601,0.4697,0.0025,0.5045±0.0038,0.5065±0.0013,Tie,-0.0267,0.0602
lifestyle_only,LogisticRegression,StandardScaler_MI,StandardScaler_ANOVA,0.443,0.0601,0.4697,0.0025,0.5045±0.0038,0.5065±0.0013,Tie,-0.0267,0.0602
lifestyle_only,LogisticRegression,StandardScaler_MI,StandardScaler_L1,0.443,0.0601,0.468,0.0023,0.5045±0.0038,0.5065±0.0013,Tie,-0.025,0.0601
lifestyle_only,LogisticRegression,StandardScaler_Chi2,StandardScaler_ANOVA,0.4697,0.0025,0.4697,0.0025,0.5065±0.0013,0.5065±0.0013,Tie,0.0,0.0035
lifestyle_only,LogisticRegression,StandardScaler_Chi2,StandardScaler_L1,0.4697,0.0025,0.468,0.0023,0.5065±0.0013,0.5065±0.0013,Tie,0.0017,0.0034
lifestyle_only,LogisticRegression,StandardScaler_ANOVA,StandardScaler_L1,0.4697,0.0025,0.468,0.0023,0.5065±0.0013,0.5065±0.0013,Tie,0.0017,0.0034
lifestyle_only,LogisticRegression,MinMaxScaler_none,MinMaxScaler_MI,0.4697,0.0025,0.4694,0.0024,0.5065±0.0013,0.5061±0.0011,Tie,0.0003,0.0035
lifestyle_only,LogisticRegression,MinMaxScaler_none,MinMaxScaler_Chi2,0.4697,0.0025,0.4697,0.0025,0.5065±0.0013,0.5065±0.0013,Tie,0.0,0.0035
lifestyle_only,LogisticRegression,MinMaxScaler_none,MinMaxScaler_ANOVA,0.4697,0.0025,0.4697,0.0025,0.5065±0.0013,0.5065±0.0013,Tie,0.0,0.0035
lifestyle_only,LogisticRegression,MinMaxScaler_none,MinMaxScaler_L1,0.4697,0.0025,0.468,0.0023,0.5065±0.0013,0.5065±0.0013,Tie,0.0017,0.0034
lifestyle_only,LogisticRegression,MinMaxScaler_MI,MinMaxScaler_Chi2,0.4694,0.0024,0.4697,0.0025,0.5061±0.0011,0.5065±0.0013,Tie,-0.0003,0.0035
lifestyle_only,LogisticRegression,MinMaxScaler_MI,MinMaxScaler_ANOVA,0.4694,0.0024,0.4697,0.0025,0.5061±0.0011,0.5065±0.0013,Tie,-0.0003,0.0035
lifestyle_only,LogisticRegression,MinMaxScaler_MI,MinMaxScaler_L1,0.4694,0.0024,0.468,0.0023,0.5061±0.0011,0.5065±0.0013,Tie,0.0014,0.0033
lifestyle_only,LogisticRegression,MinMaxScaler_Chi2,MinMaxScaler_ANOVA,0.4697,0.0025,0.4697,0.0025,0.5065±0.0013,0.5065±0.0013,Tie,0.0,0.0035
lifestyle_only,LogisticRegression,MinMaxScaler_Chi2,MinMaxScaler_L1,0.4697,0.0025,0.468,0.0023,0.5065±0.0013,0.5065±0.0013,Tie,0.0017,0.0034
lifestyle_only,LogisticRegression,MinMaxScaler_ANOVA,MinMaxScaler_L1,0.4697,0.0025,0.468,0.0023,0.5065±0.0013,0.5065±0.0013,Tie,0.0017,0.0034
lifestyle_only,SVM,StandardScaler_none,StandardScaler_MI,0.4757,0.0031,0.4757,0.0031,0.5058±0.0016,0.5058±0.0016,Tie,0.0,0.0044
lifestyle_only,SVM,StandardScaler_none,StandardScaler_Chi2,0.4757,0.0031,0.4757,0.0031,0.5058±0.0016,0.5058±0.0016,Tie,0.0,0.0044
lifestyle_only,SVM,StandardScaler_none,StandardScaler_ANOVA,0.4757,0.0031,0.4757,0.0031,0.5058±0.0016,0.5058±0.0016,Tie,0.0,0.0044
lifestyle_only,SVM,StandardScaler_MI,StandardScaler_Chi2,0.4757,0.0031,0.4757,0.0031,0.5058±0.0016,0.5058±0.0016,Tie,0.0,0.0044
lifestyle_only,SVM,StandardScaler_MI,StandardScaler_ANOVA,0.4757,0.0031,0.4757,0.0031,0.5058±0.0016,0.5058±0.0016,Tie,0.0,0.0044
lifestyle_only,SVM,StandardScaler_Chi2,StandardScaler_ANOVA,0.4757,0.0031,0.4757,0.0031,0.5058±0.0016,0.5058±0.0016,Tie,0.0,0.0044
lifestyle_only,SVM,MinMaxScaler_none,MinMaxScaler_MI,0.4757,0.0031,0.4757,0.0031,0.5058±0.0016,0.5058±0.0016,Tie,0.0,0.0044
lifestyle_only,SVM,MinMaxScaler_none,MinMaxScaler_Chi2,0.4757,0.0031,0.4757,0.0031,0.5058±0.0016,0.5058±0.0016,Tie,0.0,0.0044
lifestyle_only,SVM,MinMaxScaler_none,MinMaxScaler_ANOVA,0.4757,0.0031,0.4757,0.0031,0.5058±0.0016,0.5058±0.0016,Tie,0.0,0.0044
lifestyle_only,SVM,MinMaxScaler_MI,MinMaxScaler_Chi2,0.4757,0.0031,0.4757,0.0031,0.5058±0.0016,0.5058±0.0016,Tie,0.0,0.0044
lifestyle_only,SVM,MinMaxScaler_MI,MinMaxScaler_ANOVA,0.4757,0.0031,0.4757,0.0031,0.5058±0.0016,0.5058±0.0016,Tie,0.0,0.0044
lifestyle_only,SVM,MinMaxScaler_Chi2,MinMaxScaler_ANOVA,0.4757,0.0031,0.4757,0.0031,0.5058±0.0016,0.5058±0.0016,Tie,0.0,0.0044
lifestyle_only,MLP,StandardScaler_none,StandardScaler_MI,0.474,0.0044,0.4726,0.0055,0.5077±0.0019,0.5069±0.0009,Tie,0.0014,0.007
lifestyle_only,MLP,StandardScaler_none,StandardScaler_Chi2,0.474,0.0044,0.4697,0.0025,0.5077±0.0019,0.5067±0.0011,Tie,0.0043,0.0051
lifestyle_only,MLP,StandardScaler_none,StandardScaler_ANOVA,0.474,0.0044,0.474,0.0044,0.5077±0.0019,0.5077±0.0019,Tie,0.0,0.0062
lifestyle_only,MLP,StandardScaler_MI,StandardScaler_Chi2,0.4726,0.0055,0.4697,0.0025,0.5069±0.0009,0.5067±0.0011,Tie,0.0029,0.006
lifestyle_only,MLP,StandardScaler_MI,StandardScaler_ANOVA,0.4726,0.0055,0.474,0.0044,0.5069±0.0009,0.5077±0.0019,Tie,-0.0014,0.007
lifestyle_only,MLP,StandardScaler_Chi2,StandardScaler_ANOVA,0.4697,0.0025,0.474,0.0044,0.5067±0.0011,0.5077±0.0019,Tie,-0.0043,0.0051
lifestyle_only,MLP,MinMaxScaler_none,MinMaxScaler_MI,0.474,0.0044,0.4715,0.0044,0.5077±0.0019,0.5062±0.0016,Tie,0.0025,0.0062
lifestyle_only,MLP,MinMaxScaler_none,MinMaxScaler_Chi2,0.474,0.0044,0.4697,0.0025,0.5077±0.0019,0.5067±0.0011,Tie,0.0043,0.0051
lifestyle_only,MLP,MinMaxScaler_none,MinMaxScaler_ANOVA,0.474,0.0044,0.474,0.0044,0.5077±0.0019,0.5077±0.0019,Tie,0.0,0.0062
lifestyle_only,MLP,MinMaxScaler_MI,MinMaxScaler_Chi2,0.4715,0.0044,0.4697,0.0025,0.5062±0.0016,0.5067±0.0011,Tie,0.0018,0.0051
lifestyle_only,MLP,MinMaxScaler_MI,MinMaxScaler_ANOVA,0.4715,0.0044,0.474,0.0044,0.5062±0.0016,0.5077±0.0019,Tie,-0.0025,0.0062
lifestyle_only,MLP,MinMaxScaler_Chi2,MinMaxScaler_ANOVA,0.4697,0.0025,0.474,0.0044,0.5067±0.0011,0.5077±0.0019,Tie,-0.0043,0.0051
biomedical_only,LogisticRegression,StandardScaler_none,StandardScaler_MI,0.725,0.0032,0.725,0.0032,0.7701±0.0056,0.7701±0.0056,Tie,0.0,0.0045
biomedical_only,LogisticRegression,StandardScaler_none,StandardScaler_Chi2,0.725,0.0032,0.725,0.0032,0.7701±0.0056,0.7701±0.0056,Tie,0.0,0.0045
biomedical_only,LogisticRegression,StandardScaler_none,StandardScaler_ANOVA,0.725,0.0032,0.725,0.0032,0.7701±0.0056,0.7701±0.0056,Tie,0.0,0.0045
biomedical_only,LogisticRegression,StandardScaler_none,StandardScaler_L1,0.725,0.0032,0.7251,0.0033,0.7701±0.0056,0.7701±0.0056,Tie,-0.0001,0.0046
biomedical_only,LogisticRegression,StandardScaler_MI,StandardScaler_Chi2,0.725,0.0032,0.725,0.0032,0.7701±0.0056,0.7701±0.0056,Tie,0.0,0.0045
biomedical_only,LogisticRegression,StandardScaler_MI,StandardScaler_ANOVA,0.725,0.0032,0.725,0.0032,0.7701±0.0056,0.7701±0.0056,Tie,0.0,0.0045
biomedical_only,LogisticRegression,StandardScaler_MI,StandardScaler_L1,0.725,0.0032,0.7251,0.0033,0.7701±0.0056,0.7701±0.0056,Tie,-0.0001,0.0046
biomedical_only,LogisticRegression,StandardScaler_Chi2,StandardScaler_ANOVA,0.725,0.0032,0.725,0.0032,0.7701±0.0056,0.7701±0.0056,Tie,0.0,0.0045
biomedical_only,LogisticRegression,StandardScaler_Chi2,StandardScaler_L1,0.725,0.0032,0.7251,0.0033,0.7701±0.0056,0.7701±0.0056,Tie,-0.0001,0.0046
biomedical_only,LogisticRegression,StandardScaler_ANOVA,StandardScaler_L1,0.725,0.0032,0.7251,0.0033,0.7701±0.0056,0.7701±0.0056,Tie,-0.0001,0.0046
biomedical_only,LogisticRegression,MinMaxScaler_none,MinMaxScaler_MI,0.7251,0.0033,0.7251,0.0033,0.7701±0.0056,0.7701±0.0056,Tie,0.0,0.0047
biomedical_only,LogisticRegression,MinMaxScaler_none,MinMaxScaler_Chi2,0.7251,0.0033,0.7251,0.0033,0.7701±0.0056,0.7701±0.0056,Tie,0.0,0.0047
biomedical_only,LogisticRegression,MinMaxScaler_none,MinMaxScaler_ANOVA,0.7251,0.0033,0.7251,0.0033,0.7701±0.0056,0.7701±0.0056,Tie,0.0,0.0047
biomedical_only,LogisticRegression,MinMaxScaler_none,MinMaxScaler_L1,0.7251,0.0033,0.7251,0.0033,0.7701±0.0056,0.7701±0.0056,Tie,0.0,0.0047
biomedical_only,LogisticRegression,MinMaxScaler_MI,MinMaxScaler_Chi2,0.7251,0.0033,0.7251,0.0033,0.7701±0.0056,0.7701±0.0056,Tie,0.0,0.0047
biomedical_only,LogisticRegression,MinMaxScaler_MI,MinMaxScaler_ANOVA,0.7251,0.0033,0.7251,0.0033,0.7701±0.0056,0.7701±0.0056,Tie,0.0,0.0047
biomedical_only,LogisticRegression,MinMaxScaler_MI,MinMaxScaler_L1,0.7251,0.0033,0.7251,0.0033,0.7701±0.0056,0.7701±0.0056,Tie,0.0,0.0047
biomedical_only,LogisticRegression,MinMaxScaler_Chi2,MinMaxScaler_ANOVA,0.7251,0.0033,0.7251,0.0033,0.7701±0.0056,0.7701±0.0056,Tie,0.0,0.0047
biomedical_only,LogisticRegression,MinMaxScaler_Chi2,MinMaxScaler_L1,0.7251,0.0033,0.7251,0.0033,0.7701±0.0056,0.7701±0.0056,Tie,0.0,0.0047
biomedical_only,LogisticRegression,MinMaxScaler_ANOVA,MinMaxScaler_L1,0.7251,0.0033,0.7251,0.0033,0.7701±0.0056,0.7701±0.0056,Tie,0.0,0.0047
biomedical_only,SVM,StandardScaler_none,StandardScaler_MI,0.7304,0.0034,0.7304,0.0034,0.7675±0.0058,0.7675±0.0058,Tie,0.0,0.0048
biomedical_only,SVM,StandardScaler_none,StandardScaler_Chi2,0.7304,0.0034,0.7304,0.0034,0.7675±0.0058,0.7675±0.0058,Tie,0.0,0.0048
biomedical_only,SVM,StandardScaler_none,StandardScaler_ANOVA,0.7304,0.0034,0.7304,0.0034,0.7675±0.0058,0.7675±0.0058,Tie,0.0,0.0048
biomedical_only,SVM,StandardScaler_MI,StandardScaler_Chi2,0.7304,0.0034,0.7304,0.0034,0.7675±0.0058,0.7675±0.0058,Tie,0.0,0.0048
biomedical_only,SVM,StandardScaler_MI,StandardScaler_ANOVA,0.7304,0.0034,0.7304,0.0034,0.7675±0.0058,0.7675±0.0058,Tie,0.0,0.0048
biomedical_only,SVM,StandardScaler_Chi2,StandardScaler_ANOVA,0.7304,0.0034,0.7304,0.0034,0.7675±0.0058,0.7675±0.0058,Tie,0.0,0.0048
biomedical_only,SVM,MinMaxScaler_none,MinMaxScaler_MI,0.7288,0.0021,0.7288,0.0021,0.7738±0.0043,0.7738±0.0043,Tie,0.0,0.003
biomedical_only,SVM,MinMaxScaler_none,MinMaxScaler_Chi2,0.7288,0.0021,0.7309,0.0021,0.7738±0.0043,0.7722±0.0045,Tie,-0.0021,0.003
biomedical_only,SVM,MinMaxScaler_none,MinMaxScaler_ANOVA,0.7288,0.0021,0.7288,0.0021,0.7738±0.0043,0.7738±0.0043,Tie,0.0,0.003
biomedical_only,SVM,MinMaxScaler_MI,MinMaxScaler_Chi2,0.7288,0.0021,0.7309,0.0021,0.7738±0.0043,0.7722±0.0045,Tie,-0.0021,0.003
biomedical_only,SVM,MinMaxScaler_MI,MinMaxScaler_ANOVA,0.7288,0.0021,0.7288,0.0021,0.7738±0.0043,0.7738±0.0043,Tie,0.0,0.003
biomedical_only,SVM,MinMaxScaler_Chi2,MinMaxScaler_ANOVA,0.7309,0.0021,0.7288,0.0021,0.7722±0.0045,0.7738±0.0043,Tie,0.0021,0.003
biomedical_only,MLP,StandardScaler_none,StandardScaler_MI,0.7302,0.0028,0.7302,0.0028,0.7779±0.0056,0.7779±0.0056,Tie,0.0,0.004
biomedical_only,MLP,StandardScaler_none,StandardScaler_Chi2,0.7302,0.0028,0.7302,0.0028,0.7779±0.0056,0.7779±0.0056,Tie,0.0,0.004
biomedical_only,MLP,StandardScaler_none,StandardScaler_ANOVA,0.7302,0.0028,0.7301,0.0028,0.7779±0.0056,0.7796±0.0037,Tie,0.0001,0.004
biomedical_only,MLP,StandardScaler_MI,StandardScaler_Chi2,0.7302,0.0028,0.7302,0.0028,0.7779±0.0056,0.7779±0.0056,Tie,0.0,0.004
biomedical_only,MLP,StandardScaler_MI,StandardScaler_ANOVA,0.7302,0.0028,0.7301,0.0028,0.7779±0.0056,0.7796±0.0037,Tie,0.0001,0.004
biomedical_only,MLP,StandardScaler_Chi2,StandardScaler_ANOVA,0.7302,0.0028,0.7301,0.0028,0.7779±0.0056,0.7796±0.0037,Tie,0.0001,0.004
biomedical_only,MLP,MinMaxScaler_none,MinMaxScaler_MI,0.7296,0.0028,0.7301,0.0032,0.7779±0.0054,0.7770±0.0055,Tie,-0.0005,0.0043
biomedical_only,MLP,MinMaxScaler_none,MinMaxScaler_Chi2,0.7296,0.0028,0.7292,0.0036,0.7779±0.0054,0.7769±0.0042,Tie,0.0004,0.0046
biomedical_only,MLP,MinMaxScaler_none,MinMaxScaler_ANOVA,0.7296,0.0028,0.7296,0.0028,0.7779±0.0054,0.7779±0.0054,Tie,0.0,0.004
biomedical_only,MLP,MinMaxScaler_MI,MinMaxScaler_Chi2,0.7301,0.0032,0.7292,0.0036,0.7770±0.0055,0.7769±0.0042,Tie,0.0009,0.0048
biomedical_only,MLP,MinMaxScaler_MI,MinMaxScaler_ANOVA,0.7301,0.0032,0.7296,0.0028,0.7770±0.0055,0.7779±0.0054,Tie,0.0005,0.0043
biomedical_only,MLP,MinMaxScaler_Chi2,MinMaxScaler_ANOVA,0.7292,0.0036,0.7296,0.0028,0.7769±0.0042,0.7779±0.0054,Tie,-0.0004,0.0046
combined,LogisticRegression,StandardScaler_none,StandardScaler_MI,0.7267,0.0011,0.7267,0.0011,0.7712±0.0057,0.7712±0.0057,Tie,0.0,0.0016
combined,LogisticRegression,StandardScaler_none,StandardScaler_Chi2,0.7267,0.0011,0.7263,0.0016,0.7712±0.0057,0.7705±0.0058,Tie,0.0004,0.0019
combined,LogisticRegression,StandardScaler_none,StandardScaler_ANOVA,0.7267,0.0011,0.7267,0.0011,0.7712±0.0057,0.7712±0.0057,Tie,0.0,0.0016
combined,LogisticRegression,StandardScaler_none,StandardScaler_L1,0.7267,0.0011,0.7266,0.001,0.7712±0.0057,0.7712±0.0056,Tie,0.0001,0.0015
combined,LogisticRegression,StandardScaler_MI,StandardScaler_Chi2,0.7267,0.0011,0.7263,0.0016,0.7712±0.0057,0.7705±0.0058,Tie,0.0004,0.0019
combined,LogisticRegression,StandardScaler_MI,StandardScaler_ANOVA,0.7267,0.0011,0.7267,0.0011,0.7712±0.0057,0.7712±0.0057,Tie,0.0,0.0016
combined,LogisticRegression,StandardScaler_MI,StandardScaler_L1,0.7267,0.0011,0.7266,0.001,0.7712±0.0057,0.7712±0.0056,Tie,0.0001,0.0015
combined,LogisticRegression,StandardScaler_Chi2,StandardScaler_ANOVA,0.7263,0.0016,0.7267,0.0011,0.7705±0.0058,0.7712±0.0057,Tie,-0.0004,0.0019
combined,LogisticRegression,StandardScaler_Chi2,StandardScaler_L1,0.7263,0.0016,0.7266,0.001,0.7705±0.0058,0.7712±0.0056,Tie,-0.0003,0.0019
combined,LogisticRegression,StandardScaler_ANOVA,StandardScaler_L1,0.7267,0.0011,0.7266,0.001,0.7712±0.0057,0.7712±0.0056,Tie,0.0001,0.0015
combined,LogisticRegression,MinMaxScaler_none,MinMaxScaler_MI,0.7267,0.0011,0.7267,0.0011,0.7712±0.0056,0.7712±0.0056,Tie,0.0,0.0016
combined,LogisticRegression,MinMaxScaler_none,MinMaxScaler_Chi2,0.7267,0.0011,0.7262,0.0016,0.7712±0.0056,0.7705±0.0058,Tie,0.0005,0.0019
combined,LogisticRegression,MinMaxScaler_none,MinMaxScaler_ANOVA,0.7267,0.0011,0.7267,0.0011,0.7712±0.0056,0.7712±0.0056,Tie,0.0,0.0016
combined,LogisticRegression,MinMaxScaler_none,MinMaxScaler_L1,0.7267,0.0011,0.7267,0.0011,0.7712±0.0056,0.7712±0.0056,Tie,0.0,0.0016
combined,LogisticRegression,MinMaxScaler_MI,MinMaxScaler_Chi2,0.7267,0.0011,0.7262,0.0016,0.7712±0.0056,0.7705±0.0058,Tie,0.0005,0.0019
combined,LogisticRegression,MinMaxScaler_MI,MinMaxScaler_ANOVA,0.7267,0.0011,0.7267,0.0011,0.7712±0.0056,0.7712±0.0056,Tie,0.0,0.0016
combined,LogisticRegression,MinMaxScaler_MI,MinMaxScaler_L1,0.7267,0.0011,0.7267,0.0011,0.7712±0.0056,0.7712±0.0056,Tie,0.0,0.0016
combined,LogisticRegression,MinMaxScaler_Chi2,MinMaxScaler_ANOVA,0.7262,0.0016,0.7267,0.0011,0.7705±0.0058,0.7712±0.0056,Tie,-0.0005,0.0019
combined,LogisticRegression,MinMaxScaler_Chi2,MinMaxScaler_L1,0.7262,0.0016,0.7267,0.0011,0.7705±0.0058,0.7712±0.0056,Tie,-0.0005,0.0019
combined,LogisticRegression,MinMaxScaler_ANOVA,MinMaxScaler_L1,0.7267,0.0011,0.7267,0.0011,0.7712±0.0056,0.7712±0.0056,Tie,0.0,0.0016
combined,SVM,StandardScaler_none,StandardScaler_MI,0.7305,0.0004,0.7305,0.0004,0.7775±0.0044,0.7775±0.0044,Tie,0.0,0.0006
combined,SVM,StandardScaler_none,StandardScaler_Chi2,0.7305,0.0004,0.7308,0.0015,0.7775±0.0044,0.7685±0.0045,Tie,-0.0003,0.0016
combined,SVM,StandardScaler_none,StandardScaler_ANOVA,0.7305,0.0004,0.7319,0.0008,0.7775±0.0044,0.7716±0.0033,StandardScaler_ANOVA,-0.0014,0.0009
combined,SVM,StandardScaler_MI,StandardScaler_Chi2,0.7305,0.0004,0.7308,0.0015,0.7775±0.0044,0.7685±0.0045,Tie,-0.0003,0.0016
combined,SVM,StandardScaler_MI,StandardScaler_ANOVA,0.7305,0.0004,0.7319,0.0008,0.7775±0.0044,0.7716±0.0033,StandardScaler_ANOVA,-0.0014,0.0009
combined,SVM,StandardScaler_Chi2,StandardScaler_ANOVA,0.7308,0.0015,0.7319,0.0008,0.7685±0.0045,0.7716±0.0033,Tie,-0.0011,0.0017
combined,SVM,MinMaxScaler_none,MinMaxScaler_MI,0.7282,0.0003,0.7303,0.0023,0.7716±0.0039,0.7724±0.0042,Tie,-0.0021,0.0023
combined,SVM,MinMaxScaler_none,MinMaxScaler_Chi2,0.7282,0.0003,0.7306,0.0008,0.7716±0.0039,0.7724±0.0035,MinMaxScaler_Chi2,-0.0024,0.0009
combined,SVM,MinMaxScaler_none,MinMaxScaler_ANOVA,0.7282,0.0003,0.7282,0.0003,0.7716±0.0039,0.7716±0.0039,Tie,0.0,0.0004
combined,SVM,MinMaxScaler_MI,MinMaxScaler_Chi2,0.7303,0.0023,0.7306,0.0008,0.7724±0.0042,0.7724±0.0035,Tie,-0.0003,0.0024
combined,SVM,MinMaxScaler_MI,MinMaxScaler_ANOVA,0.7303,0.0023,0.7282,0.0003,0.7724±0.0042,0.7716±0.0039,Tie,0.0021,0.0023
combined,SVM,MinMaxScaler_Chi2,MinMaxScaler_ANOVA,0.7306,0.0008,0.7282,0.0003,0.7724±0.0035,0.7716±0.0039,MinMaxScaler_Chi2,0.0024,0.0009
combined,MLP,StandardScaler_none,StandardScaler_MI,0.7327,0.0006,0.7327,0.0006,0.7799±0.0026,0.7799±0.0026,Tie,0.0,0.0008
combined,MLP,StandardScaler_none,StandardScaler_Chi2,0.7327,0.0006,0.7327,0.0006,0.7799±0.0026,0.7799±0.0026,Tie,0.0,0.0008
combined,MLP,StandardScaler_none,StandardScaler_ANOVA,0.7327,0.0006,0.7327,0.0006,0.7799±0.0026,0.7799±0.0026,Tie,0.0,0.0008
combined,MLP,StandardScaler_MI,StandardScaler_Chi2,0.7327,0.0006,0.7327,0.0006,0.7799±0.0026,0.7799±0.0026,Tie,0.0,0.0008
combined,MLP,StandardScaler_MI,StandardScaler_ANOVA,0.7327,0.0006,0.7327,0.0006,0.7799±0.0026,0.7799±0.0026,Tie,0.0,0.0008
combined,MLP,StandardScaler_Chi2,StandardScaler_ANOVA,0.7327,0.0006,0.7327,0.0006,0.7799±0.0026,0.7799±0.0026,Tie,0.0,0.0008
combined,MLP,MinMaxScaler_none,MinMaxScaler_MI,0.7318,0.002,0.7272,0.0015,0.7771±0.0065,0.7741±0.0072,MinMaxScaler_none,0.0046,0.0025
combined,MLP,MinMaxScaler_none,MinMaxScaler_Chi2,0.7318,0.002,0.728,0.003,0.7771±0.0065,0.7744±0.0085,MinMaxScaler_none,0.0038,0.0036
combined,MLP,MinMaxScaler_none,MinMaxScaler_ANOVA,0.7318,0.002,0.7318,0.002,0.7771±0.0065,0.7771±0.0065,Tie,0.0,0.0028
combined,MLP,MinMaxScaler_MI,MinMaxScaler_Chi2,0.7272,0.0015,0.728,0.003,0.7741±0.0072,0.7744±0.0085,Tie,-0.0008,0.0034
combined,MLP,MinMaxScaler_MI,MinMaxScaler_ANOVA,0.7272,0.0015,0.7318,0.002,0.7741±0.0072,0.7771±0.0065,MinMaxScaler_ANOVA,-0.0046,0.0025
combined,MLP,MinMaxScaler_Chi2,MinMaxScaler_ANOVA,0.728,0.003,0.7318,0.002,0.7744±0.0085,0.7771±0.0065,MinMaxScaler_ANOVA,-0.0038,0.0036
